{
  "project_info": {
    "project_number": "1098301086246",
    "firebase_url": "https://elephantory-16fca.firebaseio.com",
    "project_id": "elephantory-16fca",
    "storage_bucket": "elephantory-16fca.appspot.com"
  },
  "client": [
    {
      "client_info": {
        "mobilesdk_app_id": "1:1098301086246:android:697f9a0ffa35ebbb3264e7",
        "android_client_info": {
          "package_name": "skku.edu.elephantory"
        }
      },
      "oauth_client": [
        {
          "client_id": "1098301086246-cnncvc2iv7rq86lmg4s8jjhu0pv9m1hm.apps.googleusercontent.com",
          "client_type": 3
        }
      ],
      "api_key": [
        {
          "current_key": "AIzaSyDSnki5p12ZbMGIacTCWP_PEotFPB6W-mA"
        }
      ],
      "services": {
        "appinvite_service": {
          "other_platform_oauth_client": [
            {
              "client_id": "1098301086246-cnncvc2iv7rq86lmg4s8jjhu0pv9m1hm.apps.googleusercontent.com",
              "client_type": 3
            }
          ]
        }
      }
    }
  ],
  "configuration_version": "1"
}